編號,中文名稱,英文名稱,BGG連結,BGG圖片編號,定價,狀態,買二送一,買一送一,買一送二,套組內容
328,掘跡藍星,Excavation Earth,https://boardgamegeek.com/boardgame/292126/excavation-earth,292126,4000,,v,,,
329,掘跡藍星-第二波,Excavation Earth: Second Wave,https://boardgamegeek.com/boardgameexpansion/310498/excavation-earth-second-wave,310498,4000,,v,,,
330,掘跡藍星-銀河博物館,Excavation Earth: It Belongs in a Museum,https://boardgamegeek.com/boardgameexpansion/341232/excavation-earth-it-belongs-museum,341232,4000,,v,,,
331,掘跡藍星: 漂亮盒子,Excavation Earth: Pretty Boxes & Ancient Artefacts,https://boardgamegeek.com/boardgameexpansion/328580/excavation-earth-pretty-boxes-ancient-artefacts,328580,4000,,v,,,
332,掘跡藍星: 垃圾金屬,Excavation Earth: Junk Tiles Promo Pack,https://boardgamegeek.com/boardgameexpansion/345047/excavation-earth-junk-tiles-promo-pack,345047,4000,,v,,,
301,重裝上陣-榮譽之戰,Reload- Fight for Fame,https://boardgamegeek.com/boardgame/293547/reload,293547,3740,,v,,,
302,重裝上陣-榮譽之戰 企業冠名戰隊包1擴充,Reload- Fight for Fame,https://boardgamegeek.com/boardgame/293547/reload,293547,3740,,v,,,
303,重裝上陣-榮譽之戰 奪旗賽擴充,Reload- Fight for Fame,https://boardgamegeek.com/boardgame/293547/reload,293547,3740,,v,,,
304,重裝上陣-榮譽之戰 轟隆鳴動擴充,Reload- Fight for Fame,https://boardgamegeek.com/boardgame/293547/reload,293547,3740,,v,,,
381,咖啡商人,Coffee Traders,https://boardgamegeek.com/boardgame/325022/coffee-traders,325022,3500,,v,,,
230,旭日戰魂錄,Rising Sun,https://boardgamegeek.com/boardgame/205896/rising-sun,205896,3490,,v,,,
132,快餐連鎖大亨,Food Chain Magnate,https://boardgamegeek.com/boardgame/175914/food-chain-magnate,175914,3300,,v,,,
15,俠鼠魔途,Mice and Mystics,https://boardgamegeek.com/boardgame/124708/mice-and-mystics,124708,3200,,,,v,
1,Pyramid Arcade,Pyramid Arcade,https://boardgamegeek.com/boardgame/187988/pyramid-arcade,187988,3000,,,v,,
25,阿克萊特,Arkwright,https://boardgamegeek.com/boardgame/300664/arkwright-card-game,300664,3000,,,v,,
396,大醫院小診所豪華版,Clinic: Deluxe Edition,https://boardgamegeek.com/boardgame/272739/clinic-deluxe-edition,,3000,,,,,
104,阿格拉,Agra,https://boardgamegeek.com/boardgame/230085/agra,230085,2800,,,v,,
388,王都布拉格,Praga Caput Regni,https://boardgamegeek.com/boardgame/308765/praga-caput-regni,,2800,,,,,
47,生化奇兵：無限,BioShock Infinite: The Siege of Columbia,https://boardgamegeek.com/boardgame/132428/bioshock-infinite-siege-columbia,132428,2600,,,v,,
325,瓦萊利亞之暗影王國,Shadow Kingdoms of Valeria,https://boardgamegeek.com/boardgame/285036/shadow-kingdoms-valeria,285036,2600,,v,,,
326,瓦萊利亞之暗影王國：泰坦崛起,Shadow Kingdoms of Valeria: Rise of Titans,https://boardgamegeek.com/boardgameexpansion/337461/shadow-kingdoms-valeria-rise-titans,337461,2600,,v,,,
358,大不里士豪華版,Tabriz,https://boardgamegeek.com/boardgame/349369/tabriz,349369,2600,,v,,,
20,恐龍島,Dinosaur Island,https://boardgamegeek.com/boardgame/221194/dinosaur-island,221194,2500,,,v,,
28,漫威英雄套牌構築遊戲,Legendary: A Marvel Deck Building Game,https://boardgamegeek.com/boardgame/129437/legendary-marvel-deck-building-game,129437,2500,,,v,,
264,葡萄酒莊,Vinhos,https://boardgamegeek.com/boardgame/42052/vinhos,42052,2500,,,v,,
262,圓桌武士：梅林,Shadows over Camelot: Merlin's Company,https://boardgamegeek.com/boardgameexpansion/35704/shadows-over-camelot-merlins-company,35704,2400,,,v,,
351,熱力狂飆,Heat: Pedal to the Metal,https://boardgamegeek.com/boardgame/366013/heat-pedal-to-the-metal,366013,2400,,v,,,
122,礦井人生,Haspelknecht,https://boardgamegeek.com/boardgame/169794/haspelknecht-story-early-coal-mining,169794,2350,,,v,,
347,終焉帝國,Empire's Epic,https://boardgamegeek.com/boardgame/356952/empires-end,356952,2350,,v,,,
120,比薩快遞,Papà Paolo,https://boardgamegeek.com/boardgame/195867/papa-paolo,195867,2280,,,v,,
243,權力的遊戲,A Game of Thrones: The Board Game,https://boardgamegeek.com/boardgame/103343/game-thrones-board-game-second-edition,103343,2250,,,v,,
355,死灰之冠豪華版,Crown of Ash,https://boardgamegeek.com/boardgame/354307/crown-of-ash,354307,2250,,v,,,
315,呼嘯山脈,Whistle Mountain,https://boardgamegeek.com/boardgame/177478/iki,177478,2200,,,v,,
128,諾瑞亞雲中城,Noria,https://boardgamegeek.com/boardgame/233676/noria,233676,2190,,,v,,
346,布魯塞爾1893,Bruxelles 1893,https://boardgamegeek.com/boardgame/144592/bruxelles-1893,144592,2190,,v,,,
389,特利斯墨吉斯忒斯：終極煉金配方,Trismegistus: The Ultimate Formula,https://boardgamegeek.com/boardgame/281442/trismegistus-the-ultimate-formula,,2190,,,,v,
87,暴走彈彈獸,Terror in Meeple City,https://boardgamegeek.com/boardgame/97903/terror-meeple-city,97903,2180,,,v,,
16,溫達克,Wendake,https://boardgamegeek.com/boardgame/229265/wendake,229265,2150,,,v,,
95,托爾圖加 2199,Tortuga 2199,https://boardgamegeek.com/boardgame/265017/tortuga-2199,265017,2100,,,v,,
285,留里克王朝：基輔的黎明,Rurik: Dawn of Kiev,https://boardgamegeek.com/boardgame/228328/rurik-dawn-kiev,228328,2100,,,v,,
147,古巴,Cuba,https://boardgamegeek.com/boardgame/30380/cuba,30380,2050,,,,v,
24,巴西帝國,Brazil: Imperial,https://boardgamegeek.com/boardgame/249277/brazil-imperial,249277,2000,,,v,,
146,異種: 七宗罪,The Others,https://boardgamegeek.com/boardgame/172047/others,172047,2000,,,,v,
154,慢車小鎮,Whistle Stop,https://boardgamegeek.com/boardgame/221318/whistle-stop,221318,2000,,,v,,
167,動物大臨演,Histrio,https://boardgamegeek.com/boardgame/182120/histrio,182120,2000,,,,v,
279,點陣圖,PIX,https://boardgamegeek.com/boardgame/67181/pix,67181,2000,,,,v,
357,月光光心慌慌,Halloween,https://boardgamegeek.com/boardgame/380175/halloween,380175,1990,,v,,,
21,唐苑,Tang Garden,https://boardgamegeek.com/boardgame/252153/tang-garden,252153,1980,,,v,,
199,芝加哥特快車,Chicago Express,https://boardgamegeek.com/boardgame/31730/chicago-express,31730,1980,,,,v,
171,西部傳奇,Western Legends,https://boardgamegeek.com/boardgame/232405/western-legends,232405,1950,,,,v,
341,奈斯爾傳奇,Sabika,https://boardgamegeek.com/boardgame/360265/sabika,360265,1900,,v,,,
354,風語花鄉,Windmill Valley,https://boardgamegeek.com/boardgame/403441/windmill-valley,403441,1890,,v,,,
27,帝國開拓者,Imperial Settlers,https://boardgamegeek.com/boardgame/154203/imperial-settlers,154203,1860,,,v,,
75,地城領主,Dungeon Lords,https://boardgamegeek.com/boardgame/45315/dungeon-lords,45315,1850,,,v,,
127,黃金時代,The Golden Ages,https://boardgamegeek.com/boardgame/164338/golden-ages,164338,1800,,,v,,
141,特攻神諜,Specter Ops,https://boardgamegeek.com/boardgame/155624/specter-ops,155624,1800,,,v,,
392,海灣船長,Captains of the Gulf,https://boardgamegeek.com/boardgame/255455/captains-of-the-gulf,,1800,,,,v,
185,霸業2030,Imperial 2030,https://boardgamegeek.com/boardgame/54138/imperial-2030,54138,1795,,,,v,
219,羅馬競技場,Colosseum,https://boardgamegeek.com/boardgame/27746/colosseum,27746,1780,,,v,,
9,遠征紐戴爾,Expedition to Newdale,https://boardgamegeek.com/boardgame/272682/expedition-newdale,272682,1750,,,v,,
42,方程式賽車,Formula D,https://boardgamegeek.com/boardgame/37904/formula-d,37904,1750,,,v,,
58,侍,Samurai,https://boardgamegeek.com/boardgame/3/samurai,3,1750,,,v,,
348,DELTA,DELTA,https://boardgamegeek.com/boardgame/368263/delta,368263,1750,,v,,,
349,巨魔與公主,Trolls and princesses,https://boardgamegeek.com/boardgame/371873/trolls-and-princesses,371873,1750,,v,,,
393,部落崛起,Rise of Tribes,https://boardgamegeek.com/boardgame/202583/rise-of-tribes,,1750,,,v,,
8,富途共樂,Futuropia,https://boardgamegeek.com/boardgame/258389/futuropia,258389,1690,,,v,,
13,聊齋,Ghost Stories,https://boardgamegeek.com/boardgame/37046/ghost-stories,37046,1690,,,v,,
307,月海礦場,Luna Maris,https://boardgamegeek.com/boardgame/319392/luna-maris,319392,1690,,,v,,
308,蝕器紀元,Corrosion,https://boardgamegeek.com/boardgame/344277/corrosion,344277,1650,,,v,,
370,珊瑚計畫,Reef Project,https://boardgamegeek.com/boardgame/419199/reef-project,419199,1650,,v,,,
380,無敵少俠,Invincible: The Hero-Building Game,https://boardgamegeek.com/boardgame/396251/invincible-the-hero-building-game,396251,1650,,v,,,
14,醫學之父,Hippocrates,https://boardgamegeek.com/boardgame/327971/hippocrates,327971,1600,,,v,,
168,寶藏獵人,Treasure Hunter,https://boardgamegeek.com/boardgame/182189/treasure-hunter,182189,1600,,,,v,
394,地產大亨:權力的遊戲,Monopoly: Game of Thrones,https://boardgamegeek.com/boardgame/265571/monopoly-game-of-thrones,,1600,,,v,,
397,落葉翩翩:豪華版,Leaf,https://boardgamegeek.com/boardgame/368676/leaf,,1600,,,v,,
400,餘燼燃起,Ashes Reborn: Rise of the Phoenixborn,https://boardgamegeek.com/boardgame/167400/ashes-reborn-rise-of-the-phoenixborn,167400,1600,,,v,,
94,生態農場,Fields of Green,https://boardgamegeek.com/boardgame/200954/fields-green,200954,1590,,,v,,
153,瘋狂建築工,Men at Work,https://boardgamegeek.com/boardgame/261114/men-work,261114,1580,,v,,,
202,魔數大師,Master of Mathemagicain,N/A,,1580,,,,v,
26,捕鯨船,New Bedford,https://boardgamegeek.com/boardgame/157413/new-bedford,157413,1520,,,v,,
4,尼安德特人,Neanderthal,https://boardgamegeek.com/boardgame/171662/neanderthal,171662,1500,,,v,,
17,夢境之地,Dreamscape,https://boardgamegeek.com/boardgame/231038/dreamscape,231038,1500,,,v,,
19,格陵蘭島,Greenland (Third Edition),https://boardgamegeek.com/boardgame/266447/greenland-third-edition,266447,1500,,,,v,
34,拯救路,Salvation Road,https://boardgamegeek.com/boardgame/153991/salvation-road,153991,1500,,,v,,
35,夏洛克福爾摩斯,Sherlock Holmes Consulting Detective,https://boardgamegeek.com/boardgame/2511/sherlock-holmes-consulting-detective-thames-murder,2511,1500,,,v,,
97,歐提斯：海淵,OTYS,https://boardgamegeek.com/boardgame/222542/otys,222542,1500,,,v,,
131,雲南,Yunnan,https://boardgamegeek.com/boardgame/143401/yunnan,143401,1500,,,v,,
291,狂熱獨角獸,Unicorn Fever,https://boardgamegeek.com/boardgame/245658/unicorn-fever,245658,1500,,v,,,
294,美麗新世界,It's a Wonderful World,https://boardgamegeek.com/boardgame/271324/its-wonderful-world,271324,1500,,v,,,
327,雨後新香,Petrichor,https://boardgamegeek.com/boardgame/210274/petrichor,210274,1500,,,,v,
390,街口：傳承,Machi Koro Legacy,https://boardgamegeek.com/boardgame/259081/machi-koro-legacy,,1500,,,v,,
89,御竹園,Takenoko,https://boardgamegeek.com/boardgame/70919/takenoko,70919,1490,,,v,,
130,圓樓,Round House,https://boardgamegeek.com/boardgame/205498/round-house,205498,1490,,,v,,
175,駱駝大賽紙牌版,Camel Up Cards,https://boardgamegeek.com/boardgame/192947/camel-cards,192947,790,,,v,,
289,蒸汽,Steam,https://boardgamegeek.com/boardgame/329591/ultimate-railroads,329591,1490,,,,v,
323,煞有其時,That Time You Killed Me,https://boardgamegeek.com/boardgame/344258/time-you-killed-me,344258,1490,,,v,,
344,花園國度,Garden Nation,https://boardgamegeek.com/boardgame/341245/garden-nation,341245,1490,,,v,,
107,女僕之心３,Tanto Cuore: Oktoberfest,https://boardgamegeek.com/boardgame/158130/tanto-cuore-oktoberfest,158130,1440,,,,v,
59,南極危機,Antarctica,https://boardgamegeek.com/boardgame/182074/antarctica,182074,1400,,,v,,
169,紐約之王,King of Newyork,https://boardgamegeek.com/boardgame/160499/king-new-york,160499,1400,,,v,,
170,辣椒之王,Scoville,https://boardgamegeek.com/boardgame/145659/scoville,145659,1400,,,,v,
312,天下無雙 第一戰：傳奇之戰,天下無雙 第一戰：傳奇之戰,https://boardgamegeek.com/boardgame/274637/unmatched-battle-legends-volume-one,274637,1400,,,v,,
352,三環馬戲團,3 Ring Circus,https://boardgamegeek.com/boardgame/371947/3-ring-circus,371947,1400,,v,,,
7,倫敦商會,Guilds of London,https://boardgamegeek.com/boardgame/134157/guilds-london,134157,1390,,,v,,
74,光合作用,Photosynthesis,https://boardgamegeek.com/boardgame/218603/photosynthesis,218603,1390,,,v,,
115,記帳城市,Fortune City,https://boardgamegeek.com/boardgame/254135/fortune-city,254135,1390,,,,v,
118,奧法之戰,Res Arcana,https://boardgamegeek.com/boardgame/262712/res-arcana,262712,1390,,,v,,
313,曼陀羅石,Mandala Stones,https://boardgamegeek.com/boardgame/317504/mandala-stones,317504,1390,,,v,,
48,古巴：聖地牙哥,Santiago de Cuba,https://boardgamegeek.com/boardgame/104347/santiago-de-cuba,104347,1350,,,,v,
56,人類起源,Origin,https://boardgamegeek.com/boardgame/127095/origin,127095,1350,,,v,,
105,穆拉諾 光影大師,Murano Light Masters,https://boardgamegeek.com/boardgame/341256/murano-light-masters,341256,1350,,,,v,
124,第九號交響曲,Symphony No.9,https://boardgamegeek.com/boardgame/244141/symphony-no9,244141,1350,,,,v,
189,鯊魚博士,Dr. Shark,https://boardgamegeek.com/boardgame/108783/dr-shark,108783,1350,,,,v,
265,說夢人,When I Dream,https://boardgamegeek.com/boardgame/198454/when-i-dream,198454,1350,,,v,,
314,派遣小鎮,Townsfolk Wanted!,https://boardgamegeek.com/boardgame/371932/townsfolk-wanted,371932,1350,,,v,,
324,橡樹秘境,Oak,https://boardgamegeek.com/boardgame/343362/oak,343362,1350,,,v,,
337,印加聖谷,Urubamba Valley,https://boardgamegeek.com/boardgame/391162/urubamba-valley,391162,1350,,,v,,
6,骰子城,Dice City,https://boardgamegeek.com/boardgame/179572/dice-city,179572,1320,,,,v,
96,海盜幣,Piratoons,https://boardgamegeek.com/boardgame/172560/piratoons,172560,1320,,,,v,
155,Pralaya,Pralaya,https://boardgamegeek.com/boardgame/187590/pralaya,187590,1320,,,,v,
46,奧卡諾根：湖之山谷,Okanagan: Valley of the Lakes,https://boardgamegeek.com/boardgame/230089/okanagan-valley-lakes,230089,1300,,,,v,
85,米寶戰爭,Meeple War,https://boardgamegeek.com/boardgame/192120/meeple-war,192120,1300,,,,v,
310,逃脫檔案：蛇藤林的孩子們,Escape Tales: Children Of Wyrmwoods,https://boardgamegeek.com/boardgame/299800/escape-tales-children-wyrmwoods,299800,1300,,v,,,
119,馭風之王,Sultans of Wind,https://boardgamegeek.com/boardgame/207809/sultans-wind,207809,1290,,v,,,
149,叢林智慧棋,Bumuntu,https://boardgamegeek.com/boardgame/201006/bumuntu,201006,1290,,v,,,
207,終極戰士,Ultimate Warriorz,https://boardgamegeek.com/boardgame/100679/ultimate-warriorz,100679,1290,,,v,,
333,賽馬大亨,Ready Set Bet,https://boardgamegeek.com/boardgame/351040/ready-set-bet,351040,1290,,v,,,
343,環世80天,80Days,https://boardgamegeek.com/boardgame/348503/80-days,348503,1290,,v,,,
179,靈能偵探,Paranormal Detectives,https://boardgamegeek.com/boardgame/280136/paranormal-detectives,280136,1280,,v,,,
305,瞄準！開砲！霹靂投石車,Catapult kingdoms,https://boardgamegeek.com/boardgame/310789/catapult-feud,310789,1280,,v,,,
284,名偵大賽,Awkward Guests,https://boardgamegeek.com/boardgame/188866/awkward-guests,188866,1250,,,v,,
336,翻滾雲霄飛車,Roller Coaster Rush,https://boardgamegeek.com/boardgame/379644/roller-coaster-rush,379644,1250,,,v,,
5,亡命之徒,Hit Z Road,https://boardgamegeek.com/boardgame/176083/hit-z-road,176083,1200,,,,v,
12,繽紛夜光蟲,Noctiluca,https://boardgamegeek.com/boardgame/269752/noctiluca,269752,1200,,,,v,
93,皇后的項鍊,Queen's Necklace,https://boardgamegeek.com/boardgame/6068/queens-necklace,6068,1200,,,,v,
100,世博１８９３,World's Fair 1893,https://boardgamegeek.com/boardgame/178336/worlds-fair-1893,178336,1200,,,,v,
142,騎士精神,Chivalry,https://boardgamegeek.com/boardgame/251586/chivalry,251586,1200,,,,v,
145,撰寫文明史,Cvlizations,https://boardgamegeek.com/boardgame/181494/cvlizations,181494,1200,,,,v,
148,西班牙鐵路,Iberian Rails,https://boardgamegeek.com/boardgame/206859/iberian-rails,206859,1200,,,,v,
161,聖鳥之城,Quetzal,https://boardgamegeek.com/boardgame/300700/quetzal,300700,1200,,,v,,
201,迷你都市,Micropolis,https://boardgamegeek.com/boardgame/239840/micropolis,239840,1200,,,,v,
233,Argoat,Argoat,https://boardgamegeek.com/boardgame/226616/argoat,226616,1200,,,,v,
334,飛行船都市,Airship City,https://boardgamegeek.com/boardgame/256442/airship-city,256442,1200,,,,v,
395,地產大亨:死侍收藏版,Monopoly: Deadpool,https://boardgamegeek.com/boardgame/253819/monopoly-deadpool,,1200,,,v,,
22,小小鐵路帝國,Small Railroad Empires,https://boardgamegeek.com/boardgame/299178/small-railroad-empires,299178,1190,,,,v,
113,王道,Wangdo,https://boardgamegeek.com/boardgame/245382/way-bear,245382,1190,,,,v,
151,王國軼聞錄,Paper Tales,https://boardgamegeek.com/boardgame/217861/paper-tales,217861,1190,,,v,,
316,江戶職人物語,Iki,https://boardgamegeek.com/boardgame/301255/whistle-mountain,301255,1190,,,v,,
386,鬥三國,3kingdomsbattle,N/A,,1190,,,,v,
364,骰子工廠,Fantastic Factories,https://boardgamegeek.com/boardgame/216600/fantastic-factories,216600,1180,,,v,,
247,維塔穆斯,VITA MORS,https://boardgamegeek.com/boardgame/240175/vita-mors,240175,1170,,,v,,
51,電力世界,Electropolis,https://boardgamegeek.com/boardgame/286431/electropolis,286431,1160,,,v,,
114,龍灣尋禮,Dragon Market,https://boardgamegeek.com/boardgame/274300/dragon-market,274300,1160,,,v,,
206,寂靜迷航,Not Alone,https://boardgamegeek.com/boardgame/194879/not-alone,194879,1160,,,v,,
208,創意編字,Knit Wit,https://boardgamegeek.com/boardgame/191982/knit-wit,191982,1160,,,,v,
126,豐收,Harvest,https://boardgamegeek.com/boardgame/200058/harvest,200058,1150,,,,v,
318,王權暗戰,Hidden Leaders,https://boardgamegeek.com/boardgame/320718/hidden-leaders,320718,1150,,v,,,
366,貝克街動物偵探團,The Animals of Baker Street,https://boardgamegeek.com/boardgame/359124/the-animals-of-baker-street,359124,1150,,v,,,
38,國王與刺客,King & Assassins,https://boardgamegeek.com/boardgame/147930/king-assassins,147930,1100,,,v,,
188,跑跑針鼴鼠,Echidna Shuffle,https://boardgamegeek.com/boardgame/236272/echidna-shuffle,236272,1100,,,v,,
292,釀藥森林,Brew,https://boardgamegeek.com/boardgame/332386/brew,332386,1100,,,v,,
311,天痕：部落決戰,Skytear: Horde,https://boardgamegeek.com/boardgame/344789/skytear-horde,344789,1100,,,,v,
379,竹靈之道,Bamboo,https://boardgamegeek.com/boardgame/351538/bamboo,351538,1100,,,v,,
57,煤礦大亨紙牌版,COAL BARON,https://boardgamegeek.com/boardgame/192945/coal-baron-great-card-game,192945,1090,,,v,,
117,熔爐革命,Furnace,https://boardgamegeek.com/boardgame/318084/furnace,318084,1090,,,v,,
123,諾亞鬧方舟,Animals on Board,https://boardgamegeek.com/boardgame/191572/animals-board,191572,1090,,,,v,
200,鐵路縱橫,TransAmerica,https://boardgamegeek.com/boardgame/2842/transamerica,2842,1090,,,v,,
275,妙語偵探社,Detective Club,https://boardgamegeek.com/boardgame/256788/detective-club,256788,1090,,,v,,
52,群星,Stellium,https://boardgamegeek.com/boardgame/220628/stellium,220628,1080,,,,v,
53,遺忘之都,The Forgotten City,https://boardgamegeek.com/boardgame/260212/forgotten-city,260212,1080,,,,v,
78,神奇種子,Mystical Seeds,https://boardgamegeek.com/boardgame/259525/mystical-seeds,259525,1080,,,,v,
55,大阪商人,Traders of Osaka,https://boardgamegeek.com/boardgame/24827/traders-osaka,24827,1050,,,v,,
77,可可亞,Cacao,https://boardgamegeek.com/boardgame/171499/cacao,171499,1050,,,,v,
106,Night Clan,Night Clan,https://boardgamegeek.com/boardgame/168549/night-clan,168549,1000,,,,v,
112,太空之門奧德賽,Space Gate Odyssey,https://boardgamegeek.com/boardgame/266179/space-gate-odyssey,266179,1000,,,,v,
213,漫遊世界,Co-Mix,https://boardgamegeek.com/boardgame/162367/co-mix,162367,1000,,,,v,
221,阿奎利亞城,Aquileia,https://boardgamegeek.com/boardgame/108161/aquileia,108161,1000,,,,v,
232,CINECITTA 1937,CINECITTA 1937,https://boardgamegeek.com/boardgame/203884/cinecitta-1937-1937,203884,1000,,,,v,
18,馬約利卡,Majolica,https://boardgamegeek.com/boardgame/258041/majolica,258041,990,,,v,,
32,沃塔棋,Vortex,https://boardgamegeek.com/boardgame/209290/vortex,209290,990,,,v,,
50,星球防衛者,Planet Defenders,https://boardgamegeek.com/boardgame/204879/planet-defenders,204879,990,,,,v,
71,造陸計畫,Island Project,https://boardgamegeek.com/boardgame/281394/island-project,281394,990,,,,v,
76,魔法交易所,Mystic Market,https://boardgamegeek.com/boardgame/287322/mystic-market,287322,990,,,v,,
102,迷你文明,CIV: Carta Impera Victoria,https://boardgamegeek.com/boardgame/240465/civ-carta-impera-victoria,240465,990,,,,v,
187,二手拍賣王,Speedy Pickers,https://boardgamegeek.com/boardgame/237217/speedy-pickers,237217,990,,,v,,
251,歪星訪客,Visitor in Blackwood Grove,https://boardgamegeek.com/boardgame/231223/visitor-blackwood-grove,231223,990,,,,v,
270,進擊的巨獸,Attack on Monster,https://boardgamegeek.com/boardgame/163275/attack-monster,163275,990,,,,v,
274,畫外之意,Subtext,https://boardgamegeek.com/boardgame/265684/subtext,265684,990,,,v,,
365,青青珊瑚島,Blue Lagoon,https://boardgamegeek.com/boardgame/244331/blue-lagoon,244331,990,,,v,,
372,神秘導語,Landmarks,https://boardgamegeek.com/boardgame/421374/landmarks,421374,990,,v,,,
391,藝術寶盒,ARTBOX,https://boardgamegeek.com/boardgame/280304/artbox,,990,,,,v,
401,童話舞會,The Grimm Masquerade,https://boardgamegeek.com/boardgame/254513/the-grimm-masquerade,254513,990,,,v,,
49,五彩貧民窟,Favelas,https://boardgamegeek.com/boardgame/230591/favelas,230591,950,,,,v,
98,大肚王國：平埔傳奇,Kingdom of Middag,https://boardgamegeek.com/boardgame/287946/kingdom-middag,287946,950,,,,v,
220,鬱金香泡沫,Tulip Bubble,https://boardgamegeek.com/boardgame/229414/tulip-bubble,229414,950,,,,v,
283,教父風雲,Mafia de Cuba,https://boardgamegeek.com/boardgame/176558/mafia-de-cuba,176558,950,,,,v,
340,凱爾特之森,Triqueta,https://boardgamegeek.com/boardgame/378200/triqueta,378200,950,,,v,,
321,人勞,Jinrou,https://boardgamegeek.com/boardgame/339301/jinrou,339301,900,,,,v,
129,眾神大典,Kronia,https://boardgamegeek.com/boardgame/217581/kronia,217581,890,,,,v,
140,速速城國,MINUTE REALMS,https://boardgamegeek.com/boardgame/234468/minute-realms,234468,890,,,,v,
158,捕蜂高手,Honigbienchen,https://boardgamegeek.com/boardgame/129492/bee-alert,129492,890,,,,v,
160,神奇果汁,Fabled Fruit,https://boardgamegeek.com/boardgame/203427/fabled-fruit,203427,890,,,v,,
186,洞察掀機,Macroscope,https://boardgamegeek.com/boardgame/193164/macroscope,193164,890,,,v,,
218,孔雀宴會,Pikoko,https://boardgamegeek.com/boardgame/244505/pikoko,244505,890,,,,v,
242,依樣畫葫蘆,Dekalko,https://boardgamegeek.com/boardgame/270513/dekalko,270513,890,,,v,,
261,舞動魔咒,Abra Kazam,https://boardgamegeek.com/boardgame/245503/abra-kazam,245503,890,,,v,,
288,雲遊,Roam,https://boardgamegeek.com/boardgame/267319/roam,267319,890,,,v,,
92,逃離太空站,Survive: Space Attack!,https://boardgamegeek.com/boardgame/177147/survive-space-attack,177147,880,,,v,,
150,時光當鋪,The Time Pawnshop,https://boardgamegeek.com/boardgame/230010/time-pawnshop,230010,880,,,,v,
217,什麼不見啦,Something Is Missing,https://boardgamegeek.com/boardgame/260211/something-missing,260211,880,,,,v,
10,築夢計畫,Project Dreamscape,https://boardgamegeek.com/boardgame/168232/project-dreamscape,168232,860,,,,v,
54,鐵道任務：倫敦,Ticket to Ride: London,https://boardgamegeek.com/boardgame/276894/ticket-ride-london,276894,850,,,v,,
103,Covert,Covert,https://boardgamegeek.com/boardgame/187653/covert,187653,850,,,,v,
183,開心滑水梯樂園,Slide Blast,https://boardgamegeek.com/boardgame/206169/slide-blast,206169,850,,,,v,
320,連線計畫,SETUP,https://boardgamegeek.com/boardgame/379110/setup,379110,850,,,,v,
368,失落之地,Finding Atlantis,https://boardgamegeek.com/boardgame/363699/finding-atlantis,363699,850,,v,,,
40,絕谷戰士,Warriors of Jogu: Feint,https://boardgamegeek.com/boardgame/221408/warriors-jogu-feint,221408,800,,,,v,
60,蘇丹尼亞,Sultaniya,https://boardgamegeek.com/boardgame/145012/sultaniya,145012,800,,,v,,
90,共創城市,Multi City,https://boardgamegeek.com/boardgame/201399/multicity,201399,800,,,v,,
136,龍焰,DragonFlame,https://boardgamegeek.com/boardgame/166280/dragonflame,166280,800,,,,v,
249,花市,Flower Market,N/A,,800,,,,v,
266,動物夜怕怕,Animals Frightening Night!,https://boardgamegeek.com/boardgame/155020/animals-frightening-night,155020,800,,,v,,
383,革命斷頭台,CIV: Carta Impera Victoria,https://boardgamegeek.com/boardgame/240465/civ-carta-impera-victoria,,800,,,,v,
387,機械幻夢,Mech A Dream,https://boardgamegeek.com/boardgame/365647/mech-a-dream,,800,,,v,,
30,翻轉旅程,Globe Twister,https://boardgamegeek.com/boardgame/257924/globe-twister,257924,790,,,,v,
73,快閃地精,Do You Gnome Me?,https://boardgamegeek.com/boardgame/270263/do-you-gnome-me,270263,790,,,v,,
203,第一類接觸,First Contact,https://boardgamegeek.com/boardgame/258309/first-contact,258309,790,,,v,,
209,尋夢旅程,Dream on,https://boardgamegeek.com/boardgame/232980/dream,232980,790,,,,v,
210,暗影行動：阿姆斯特丹,Shadows: Amsterdam,https://boardgamegeek.com/boardgame/246297/shadows-amsterdam,246297,790,,,v,,
229,雪之時,Snow Time,https://boardgamegeek.com/boardgame/256438/snow-time,256438,790,,,v,,
259,眾裡尋他,Profiler,https://boardgamegeek.com/boardgame/218126/whozit,218126,790,,,v,,
263,搶杯王,CUP-A-CUP,https://boardgamegeek.com/boardgame/173292/cup-cup,173292,790,,,v,,
272,海格力士的12試煉,The Labours of Hercules,https://boardgamegeek.com/boardgame/234859/labours-hercules,234859,790,,,,v,
298,俠盜羅賓雞,Chickwood Forest,https://boardgamegeek.com/boardgame/234842/chickwood-forest,234842,790,,v,,,
300,雨林生機,Canopy,https://boardgamegeek.com/boardgame/295607/canopy,295607,790,,,v,,
335,魔藥無雙,Only One Collection,https://boardgamegeek.com/boardgame/374487/only-one-collection,374487,790,,v,,,
362,暗貨,Contraband Insider,https://boardgamegeek.com/boardgame/332703/contraband-insider,332703,790,,,v,,
211,小短手的星期天,Tyrannosaurus' Holiday,https://boardgamegeek.com/boardgame/289916/t-rexs-holiday,289916,780,,,v,,
239,盜賊市集,Thief's Market,https://boardgamegeek.com/boardgame/182351/thiefs-market,182351,760,,,,v,
184,陰謀大亂鬥,Ruse and Bruise,https://boardgamegeek.com/boardgame/24509/gambit-royale,24509,750,,,v,,
238,唉唷天呀！,Great Scott!,https://boardgamegeek.com/boardgame/177099/great-scott,177099,750,,,,v,
240,速塗快遞,Doodle Rush,https://boardgamegeek.com/boardgame/232090/doodle-rush,232090,750,,,v,,
267,今晚要吃誰！,Who Should We Eat?,https://boardgamegeek.com/boardgame/230275/who-should-we-eat,230275,750,,,v,,
273,言下之意,Crosstalk,https://boardgamegeek.com/boardgame/215371/crosstalk,215371,750,,,v,,
293,龍龍公園,Draftosaurus,https://boardgamegeek.com/boardgame/264055/draftosaurus,264055,750,,,v,,
299,獨家專輯,Disc Cover,https://boardgamegeek.com/boardgame/366067/disc-cover,366067,750,,,,v,
382,迷你地下城,One Deck Dungeon,https://boardgamegeek.com/boardgame/179275/one-deck-dungeon,,750,,,v,,
385,格陵蘭,Graenaland,https://boardgamegeek.com/boardgame/24843/graenaland,,700,,,,v,
36,鬥魚俱樂部,Fish Club,https://boardgamegeek.com/boardgame/300008/fish-club,300008,690,,,,v,
72,打光94狂,Speed Beating,https://boardgamegeek.com/boardgame/281395/speed-beating,281395,690,,,,v,
79,敦煌商豪,Merchants of Dunhuang,https://boardgamegeek.com/boardgame/283924/merchants-dunhuang,283924,690,,,v,,
84,古物有限公司,"Artifacts, Inc.",https://boardgamegeek.com/boardgame/168609/artifacts-inc,168609,690,,,v,,
91,狼與獵犬,Wolf & Hound,https://boardgamegeek.com/boardgame/181670/wolf-hound,181670,690,,,v,,
99,愛因斯坦,Einstein: His Amazing Life and Incomparable Science,https://boardgamegeek.com/boardgame/205185/einstein-his-amazing-life-and-incomparable-science,205185,690,,,v,,
125,雲海,Sea of Clouds,https://boardgamegeek.com/boardgame/189052/sea-clouds,189052,690,,,v,,
133,台灣,Taiwan Formosa,https://boardgamegeek.com/boardgame/257722/taiwan-formosa,257722,1400,,,v,,
139,八分鐘帝國,Eight minute  empure,https://boardgamegeek.com/boardgame/131366/eight-minute-empire,131366,690,,,,v,
144,抖抖山大冒險,Mystic Mountains Adventure,N/A,,690,,,,v,
178,泳池派對,Pool Party,https://boardgamegeek.com/boardgame/241490/pool-party,241490,690,,,,v,
180,福爾摩斯鷹眼,Sherlook,https://boardgamegeek.com/boardgame/217619/sherlook,217619,690,,,,v,
182,賭命大賽,World Championship Russian Roulett,https://boardgamegeek.com/boardgame/179245/world-championship-russian-roulette,179245,690,,,v,,
191,荒島動物學,Galapa Go,https://boardgamegeek.com/boardgame/94346/galapa-go,94346,690,,,,v,
192,最後衝刺,Photofinish: The Final Rush,https://boardgamegeek.com/boardgame/230246/photofinish-final-rush,230246,690,,,v,,
228,勇者不過是個ATM,Brave is ATM,N/A,,690,,,v,,
231,查理檢查哨,Checkpoint Charlie,https://boardgamegeek.com/boardgame/205079/checkpoint-charlie,205079,690,,,v,,
244,瘋狂速食怪,Fast Food Fear!,https://boardgamegeek.com/boardgame/223538/fast-food-fear,223538,690,,,,v,
268,遵命！黑魔王,"Aye, Dark Overlord!",https://boardgamegeek.com/boardgame/18723/aye-dark-overlord-red-box,18723,690,,,,v,
306,彈指網球,Set & Match,https://boardgamegeek.com/boardgame/270847/set-match,270847,690,,,v,,
309,左右難題,Left Right Dilemma,https://boardgamegeek.com/boardgame/370235/left-right-dilemma,370235,690,,,,v,
345,矮人礦坑：礦洞逃生,Saboteur:The dark cave,https://boardgamegeek.com/boardgame/365702/saboteur-dark-cave,365702,690,,v,,,
359,我的好朋友,My good friend,N/A,,690,,v,,,
375,粉墨登場,Onstage,https://boardgamegeek.com/boardgame/417224/onstage,417224,690,,v,,,
384,迷你文明,CIV: Carta Impera Victoria,https://boardgamegeek.com/boardgame/240465/civ-carta-impera-victoria,,690,,,,v,
81,黑幫老大,The Boss,https://boardgamegeek.com/boardgame/85005/boss,85005,680,,,,v,
276,手造奇觀：波蘭版,Hand Made Wonders,https://boardgamegeek.com/boardgame/158343/hand-made-wonders,158343,680,,,,v,
282,喵喵咪呀,MeowMeow Mia,https://boardgamegeek.com/boardgame/262447/meowmeow-mia,262447,680,,,v,,
3,夢中迷情,Onirim,https://boardgamegeek.com/boardgame/71836/onirim,71836,650,,,,v,
11,香草花園,Herbaceous,https://boardgamegeek.com/boardgame/195314/herbaceous,195314,650,,,,v,
68,五年五百億大亂鬥,Fight for 50- Billion,https://boardgamegeek.com/boardgame/267027/fight-50-billion,267027,650,,,,v,
250,大想頭,The Big Idea,https://boardgamegeek.com/boardgame/696/big-idea,696,650,,,,v,
101,阿瑪多拉,Armadöra,https://boardgamegeek.com/boardgame/8229/armadora,8229,640,,,v,,
80,狡兔三窟,Rabbit Hunt,https://boardgamegeek.com/boardgame/40602/rabbit-hunt,40602,600,,,v,,
164,晦暗世界：童話版,Fairytale Gloom,https://boardgamegeek.com/boardgame/172062/fairytale-gloom,172062,600,,,,v,
216,豪賭風雲,Gambler × Gamble!,https://boardgamegeek.com/boardgame/197071/gambler-gamble,197071,600,,,,v,
371,靈光乍現,Genius Idea,https://boardgamegeek.com/boardgame/441097/genius-idea,441097,600,,v,,,
86,智行棋,SHIBUYA,https://boardgamegeek.com/boardgame/255165/shibuya,255165,590,,,v,,
143,木林幻境,Legendary Forest,https://boardgamegeek.com/boardgame/225214/legendary-forests,225214,590,,,v,,
173,精靈的惡作劇,Fairy Prank,https://boardgamegeek.com/boardgame/326582/fairy-prank,326582,590,,,v,,
226,巴撒利市集,Basari,https://boardgamegeek.com/boardgame/152567/basari-das-kartenspiel,152567,590,,,v,,
227,動物瘋,Animania,https://boardgamegeek.com/boardgame/224123/animania,224123,590,,,,v,
245,舞星,Mai-Star,https://boardgamegeek.com/boardgame/75789/mai-star,75789,590,,,v,,
252,香蕉共和國,Junta: Las Cartas,https://boardgamegeek.com/boardgame/192777/junta-las-cartas,192777,590,,,,v,
253,一知半解古董市,Zooscape,https://boardgamegeek.com/boardgame/187515/zooscape/images,187515,590,,,,v,
269,鼻畫大師,Pencil Nose,https://boardgamegeek.com/boardgame/268839/pencil-nose,268839,590,,,v,,
287,神探諾斯,Inspector Nose,https://boardgamegeek.com/boardgame/330602/inspektor-nase,330602,590,,,v,,
296,家族事業,Family Business,https://boardgamegeek.com/boardgame/170/family-business,170,590,,,v,,
317,心流密碼,Cross Clues,https://boardgamegeek.com/boardgame/300753/cross-clues,300753,590,,,v,,
322,繞著地球跑,Map It! World Edition,https://boardgamegeek.com/boardgame/91425/map-it-world-edition,91425,590,,,v,,
350,屁者先知,Pizhe Xiamzhi,https://boardgamegeek.com/boardgame/426536/pi-zhe-xian-zhi-pizhe-xianzhi,426536,590,,,v,,
64,瘋魔口袋,Pocket Madness,https://boardgamegeek.com/boardgame/201920/pocket-madness,201920,580,,,,v,
278,追捕艾德勒,Get Adler! Deduction Card Game,https://boardgamegeek.com/boardgame/190577/get-adler-deduction-card-game,190577,580,,,,v,
342,合租時代,Room Share,https://boardgamegeek.com/boardgame/375406/room-share,375406,580,,,,v,
135,羽,AVES,https://boardgamegeek.com/boardgame/224122/aves,224122,560,,,,v,
234,果盜檸檸七,Fruit Spy 007,https://boardgamegeek.com/boardgame/16144/fruit-spy,16144,560,,,v,,
41,哞！豪華版,Mow,https://boardgamegeek.com/boardgame/38984/mow,38984,550,,,,v,
63,動物反抗軍,ARGH,https://boardgamegeek.com/boardgame/214204/argh,214204,550,,,,v,
66,聖光之城,Capital Lux,https://boardgamegeek.com/boardgame/205046/capital-lux,205046,550,,,,v,
67,神殿之謎,Mystery of the Temples,https://boardgamegeek.com/boardgame/234691/mystery-temples,234691,550,,,v,,
83,神奈川學苑,Kanagawa,https://boardgamegeek.com/boardgame/200147/kanagawa,200147,990,,,v,,
137,漫步普羅旺斯,Walking in Provence,https://boardgamegeek.com/boardgame/286145/walking-provence,286145,550,,,v,,
224,出租英雄,Rent a Hero,https://boardgamegeek.com/boardgame/135116/rent-hero,135116,550,,,,v,
237,迷你鐵道王,Mini Rails,https://boardgamegeek.com/boardgame/225818/mini-rails,225818,550,,,v,,
246,全力衝廁,Moreru,https://boardgamegeek.com/boardgame/262444/moreru,262444,550,,,v,,
281,天堂，我要進來了！,"Heaven, Here I Come!",https://boardgamegeek.com/boardgame/345966/heaven-here-i-come,345966,550,,,v,,
339,就這樣我成為了聖劍王,In this way I become an Excalibur King,N/A,,550,,v,,,
353,海鹽摺紙,Sea Salt & Paper,https://boardgamegeek.com/boardgame/367220/sea-salt-and-paper,367220,550,,v,,,
360,決戰詭牌鎮,Trickdraw,https://boardgamegeek.com/boardgame/365594/trickdraw,365594,550,,v,,,
363,一線勝機,Line-it,https://boardgamegeek.com/boardgame/382960/line-it,382960,550,,v,,,
374,樸宿桌迷藏,Tableside Wander,N/A,,550,,,v,,
376,星靈王座,,N/A,,550,,,v,,
2,塔羅說書人,Tarot Storia,https://boardgamegeek.com/boardgame/186767/shahrazad,186767,500,,,,v,
39,封神,N/A,N/A,,500,,,,v,
43,Duel of Ages Set 1: Worldspanner,Duel of Ages Set 1: Worldspanner,https://boardgamegeek.com/boardgame/6050/duel-ages-set-1-worldspanner,6050,500,,,,v,
44,Duel of Ages Set 2: Intensity,Duel of Ages Set 2: Intensity,https://boardgamegeek.com/boardgameexpansion/6139/duel-ages-set-2-intensity,6139,500,,,,v,
45,DUEL OF AGES Master Addendum,DUEL OF AGES Master Addendum,https://boardgamegeek.com/boardgame/9365/duel-ages-masters-addendum,9365,500,,,,v,
61,糖果獵人,Candy Chaser,https://boardgamegeek.com/boardgame/150605/candy-chaser,150605,500,,,,v,
108,大蒜與十字架,N/A,N/A,,500,,,,v,
116,Palazzo,Palazzo,https://boardgamegeek.com/boardgame/15318/palazzo,15318,500,,,,v,
121,LA STANZA,LA STANZA,https://boardgamegeek.com/boardgame/243993/la-stanza,243993,1800,,,,v,
176,雙面間諜,Spywhere,https://boardgamegeek.com/boardgame/206616/spywhere,206616,500,,,,v,
194,蜥蓋,The Battle of Lizard,https://boardgamegeek.com/boardgame/269731/battle-lizard,269731,250,,,,v,
212,黑骷髏島,Black Skull Island,https://boardgamegeek.com/boardgame/253861/black-skull-island,253861,500,,,v,,
248,Dragon draft,Dragon draft,N/A,,500,,,,v,
271,空想世界,Fantasy World,N/A,,500,,,v,,
23,薄荷工廠,Mint Works,https://boardgamegeek.com/boardgame/200077/mint-works,200077,490,,,,v,
31,薄荷速遞,Mint Delivery,https://boardgamegeek.com/boardgame/230251/mint-delivery,230251,490,,,,v,
70,英雄總是最後一個到,Top Hero,N/A,,490,,,,v,
82,深淵密謀,Conspiracy,https://boardgamegeek.com/boardgame/276042/conspiracy-abyss-universe,276042,490,,,v,,
88,蓮花,Lotus,https://boardgamegeek.com/boardgame/198525/lotus,198525,490,,,,v,
109,幻化魔石,ROX,https://boardgamegeek.com/boardgame/194079/rox,194079,490,,,v,,
110,注意，施工中！,"Caution, Under Construction!",https://boardgamegeek.com/boardgame/232311/caution-under-construction,232311,490,,,v,,
111,金魚撈撈,Fish Scooping,N/A,,490,,,,v,
138,方舟,Noah,https://boardgamegeek.com/boardgame/116858/noah,116858,490,,,v,,
152,病毒,Viral,https://boardgamegeek.com/boardgame/194690/viral,194690,1500,,,,v,
156,黏黏變色龍,Sticky Chameleons,https://boardgamegeek.com/boardgame/220778/sticky-chameleons,220778,490,,,,v,
157,拉長島,Langland Rommé,https://boardgamegeek.com/boardgame/293050/langland-romme,293050,490,,,v,,
159,尋尋蜜蜜,BeeSmart,https://boardgamegeek.com/boardgame/245696/beesmart,245696,490,,,v,,
165,寺廟巧匠,Mottainai,https://boardgamegeek.com/boardgame/175199/mottainai,175199,490,,,,v,
177,黑喵傑克,Black Jacky,https://boardgamegeek.com/boardgame/245090/black-jacky,245090,490,,,v,,
181,卡魯巴紙牌版,Karuba: The Card Game,https://boardgamegeek.com/boardgame/235465/karuba-card-game,235465,490,,,v,,
190,冰淇淋快手,Ice Cream Combo,https://boardgamegeek.com/boardgame/160470/ice-cream-combo,160470,490,,,v,,
198,呼拉大師,Hula-Hoo!,https://boardgamegeek.com/boardgame/328859/hula-hoo,328859,490,,,v,,
204,水啦！,Yesss!,https://boardgamegeek.com/boardgame/198775/yesss,198775,490,,,v,,
205,未命名農場生物,Unnamed Farm Organisms,https://boardgamegeek.com/boardgame/252404/unnamed-farm-organisms,252404,490,,,v,,
236,上流社會,High Society,https://boardgamegeek.com/boardgame/220/high-society,220,490,,,,v,
254,泥巴大戰,Matschig,https://boardgamegeek.com/boardgame/1087/matschig,1087,490,,,,v,
258,毒來毒往,Little drop of poison,https://boardgamegeek.com/boardgame/182487/little-drop-poison,182487,490,,,v,,
260,截碼戰：光碟播放器擴充,Decrypto: Expansion #01 – Laserdrive,https://boardgamegeek.com/boardgame/273938/decrypto-expansion-01-laserdrive,273938,490,,,,v,
277,驚魂巴哈馬,Bahamas,https://boardgamegeek.com/boardgame/269917/bahamas,269917,490,,,v,,
286,天天都是情人節,VALENTINE'S DAY/Rose Ceremony,https://boardgamegeek.com/boardgame/300090/rose-ceremony,300090,490,,,,v,
290,繪聲繪影,What's That Sound?,https://boardgamegeek.com/boardgame/341136/whats-sound,341136,490,,,v,,
295,呼拉大師,Hula-Hoo!,https://boardgamegeek.com/boardgame/328859/hula-hoo,328859,490,,,v,,
319,山貓奇襲,Linko!,https://boardgamegeek.com/boardgame/153065/linko,153065,490,,,v,,
378,阿拉伯物語-瓦拉多冒險記,Adventure of Warado,https://boardgamegeek.com/boardgame/212756/adventure-of-warado,212756,490,,v,,,
62,瘋狂地下城,Dungeon Mayhem,https://boardgamegeek.com/boardgame/260300/dungeon-mayhem,260300,450,,v,,,
65,七不思議,Seven7s,https://boardgamegeek.com/boardgame/172662/seven7s,172662,450,,,,v,
134,皂單全收,Don't Drop the Soap,https://boardgamegeek.com/boardgame/236360/dont-drop-the-soap,236360,450,,,v,,
241,宇宙怪獸,Mochiju,https://boardgamegeek.com/boardgame/226207/mochiju,226207,450,,,,v,
338,利曼24小時耐力賽,Endurance: The Game – 24h Le Mans,https://boardgamegeek.com/boardgame/345087/endurance-game-24h-le-mans,345087,450,,v,,,
356,跑馬圈地,Circle the Wagons,https://boardgamegeek.com/boardgame/213266/circle-the-wagons,213266,450,,v,,,
369,擇日而獵,Prey Another Day,https://boardgamegeek.com/boardgame/234260/prey-another-day/ratings?rated=1&comment=1,234260,450,,v,,,
373,喵10,Meow 10,https://boardgamegeek.com/boardgame/448154/meow-10,448154,450,,v,,,
398,鏈趣猜猜樂,Linkto Food,https://boardgamegeek.com/boardgame/267359/linkto-food/ratings?rated=1&comment=1,,450,,,,v,
361,影子家族：揭密時刻,Shadow House: The Code,https://boardgamegeek.com/boardgame/406974/shadow-house-the-code,406974,420,,,v,,
196,色彩麻吉,Match Me,https://boardgamegeek.com/boardgame/240100/match-me-what-color,240100,400,,,v,,
69,貪心農夫,Greedy Farmers,N/A,,390,,,v,,
174,三賤髂,Nox,https://boardgamegeek.com/boardgame/123370/nox,123370,390,,,v,,
195,採珠人,The Pearl Fishers,https://boardgamegeek.com/boardgame/269069/pearls,269069,390,,,,v,
197,蟲蟲派對,Party Bugs,https://boardgamegeek.com/boardgame/245700/party-bugs,245700,390,,,,v,
214,本草,Herbalism,https://boardgamegeek.com/boardgame/231554/herbalism,231554,390,,,v,,
222,國王的早餐,King Lui,https://boardgamegeek.com/boardgame/6263/kings-breakfast,6263,390,,,v,,
223,耶利哥,Jericho,https://boardgamegeek.com/boardgame/21709/jericho,21709,390,,,v,,
225,狩獵季,Hunting Fever,https://boardgamegeek.com/boardgame/109005/jagdfieber,109005,390,,,,v,
256,玄武門之變—八卦篇,Xuanwu Gate Incident 2,https://boardgamegeek.com/boardgame/210019/xuanwu-gate-incident,210019,390,,,,v,
367,皮納塔派對,Blind Business,https://boardgamegeek.com/boardgame/371973/blind-business,371973,390,,v,,,
37,奧林帕斯戰場,Battlefields of Olympus,https://boardgamegeek.com/boardgame/35306/battlefields-olympus,35306,350,,,,v,
235,火柴盒系列 禪宗大師,Zen Master,https://boardgamegeek.com/boardgame/83197/zen-master,83197,350,,,,v,
255,編年史,Chronicle,https://boardgamegeek.com/boardgame/54307/chronicle,54307,350,,,,v,
297,寄情花語,Tussie Mussie,https://boardgamegeek.com/boardgame/257614/tussie-mussie,257614,350,,,,v,
399,幫手藝術家,Helping Hand Artist,N/A,,350,,,,,
377,聰明玩家,SMART,N/A,,330,,v,,,
162,獴鷲派對,Hol's der Geier,https://boardgamegeek.com/boardgame/175/what-heck,175,290,,,,v,
163,貪吃鬼,Gier,https://boardgamegeek.com/boardgame/232420/gier,232420,290,,,,v,
215,大商人,Master Merchant,https://boardgamegeek.com/boardgame/107638/master-merchant,107638,290,,,,v,
280,諜戰特工,Crossfire,https://boardgamegeek.com/boardgame/230059/crossfire,230059,290,,,,v,
193,捉迷藏起司,Got you,https://boardgamegeek.com/boardgame/283430/got-you,283430,250,,,,v,
